id,date,home_team,away_team,home_goals,away_goals,Ball Possession_home,Ball Possession_away,Goal Attempts_home,Goal Attempts_away,Shots on Goal_home,Shots on Goal_away,Shots off Goal_home,Shots off Goal_away,Corner Kicks_home,Corner Kicks_away,Offsides_home,Offsides_away,Goalkeeper Saves_home,Goalkeeper Saves_away,Fouls_home,Fouls_away,Red Cards_home,Red Cards_away,Yellow Cards_home,Yellow Cards_away,Total Passes_home,Total Passes_away,Attacks_home,Attacks_away,Dangerous Attacks_home,Dangerous Attacks_away,Tackles_home,Tackles_away,Free Kicks_home,Free Kicks_away,Throw-ins_home,Throw-ins_away,Completed Passes_home,Completed Passes_away,result
js5BWDo5,28.08.2021 21:00,Enppi,El Gouna,2,0,50%,50%,13,8,5,1,8,7,2,7,4,3,1,3,19,22,0,1,4,4,222,239,87,93,49,63,,,,,,,,,H
CdgKUiGH,28.08.2021 19:00,Arab Contractors,Al Ittihad,1,3,51%,49%,5,12,2,6,3,6,3,5,0,0,3,1,14,12,0,0,,,301,273,92,84,31,35,,,,,,,,,A
M5LmDPpp,28.08.2021 19:00,El-Entag El-Harby,Wadi Degla,2,2,54%,46%,19,11,8,6,11,5,5,4,3,2,4,6,14,7,0,1,,,382,297,78,66,50,35,,,,,,,,,D
UX3FVX0B,28.08.2021 17:00,Pyramids,Ghazl El Mahallah,6,0,69%,31%,14,5,9,1,5,4,3,0,0,2,1,3,14,9,0,0,,,576,256,119,70,66,38,,,,,,,,,H
GSKiCq0j,28.08.2021 17:00,Smouha,Misr Lel Makkasa,1,1,61%,39%,14,5,8,2,6,3,9,2,6,1,1,7,11,16,0,0,2,1,447,284,144,127,94,38,,,,,,,,,D
rH13YZGh,27.08.2021 21:00,Al Ahly,Aswan SC,2,1,58%,42%,17,3,5,2,12,1,9,2,1,2,1,3,4,9,0,0,0,3,430,231,120,103,93,45,,,,,,,,,H
0hCbZF1n,27.08.2021 21:00,National Bank Egypt,Zamalek,1,1,53%,47%,11,6,3,5,8,1,5,6,2,3,4,2,14,13,0,0,1,2,366,300,81,107,39,45,,,,,,,,,D
nk8fzdnt,27.08.2021 19:00,Ceramica Cleopatra,El Ismaily,2,3,55%,45%,13,8,3,3,10,5,8,2,3,1,0,1,15,26,0,0,1,1,424,281,145,90,77,32,,,,,,,,,A
M707XgWb,26.08.2021 21:00,El Gaish,Al Masry,0,0,43%,57%,9,10,0,0,9,10,6,5,1,5,0,0,22,12,0,0,1,1,216,364,106,137,65,86,,,,,,,,,D
WxYpGh1O,25.08.2021 21:00,Misr Lel Makkasa,Pyramids,0,5,36%,64%,12,18,4,7,8,11,6,2,7,4,2,4,8,7,0,0,3,2,176,505,92,111,47,57,,,,,,,,,A
jRGmHYoI,25.08.2021 19:00,Ghazl El Mahallah,Arab Contractors,1,2,48%,52%,13,17,5,8,8,9,6,10,0,1,6,4,11,7,1,0,2,0,182,225,86,80,69,66,,,,,,,,,A
reQSLdXn,24.08.2021 21:30,Aswan SC,Smouha,1,3,56%,44%,15,6,4,4,11,2,5,3,2,2,1,3,11,13,0,0,1,1,397,234,118,105,70,56,,,,,,,,,A
reQHfa41,24.08.2021 21:00,El Gouna,Al Ahly,3,3,42%,58%,10,17,4,10,6,7,3,9,1,4,7,1,13,11,0,0,4,2,180,380,96,107,55,87,,,,,,,,,D
CzIqIEWB,24.08.2021 21:00,Zamalek,El-Entag El-Harby,2,0,54%,46%,12,13,2,5,10,8,5,4,3,4,5,0,12,17,0,0,0,2,325,260,131,96,66,50,,,,,,,,,H
IDIuJfH5,24.08.2021 17:30,Al Ittihad,National Bank Egypt,0,0,48%,52%,9,12,2,1,7,11,7,5,3,2,1,2,15,13,0,0,4,1,198,224,115,139,67,74,,,,,,,,,D
4AEyKz2a,24.08.2021 17:30,Wadi Degla,Ceramica Cleopatra,0,0,64%,36%,22,8,6,4,16,4,17,1,1,1,4,6,17,9,0,1,0,2,516,153,105,84,98,29,,,,,,,,,D
ATWlFCGU,23.08.2021 21:00,Al Masry,Enppi,1,3,57%,43%,8,15,3,5,5,10,7,2,1,1,2,2,20,13,0,0,5,4,334,140,105,92,71,32,,,,,,,,,A
MoPWKGng,23.08.2021 19:00,El Ismaily,El Gaish,0,0,,,,,,,,,,,,,,,,,0,0,,,,,,,,,,,,,,,,,D
ELLOMxIt,21.08.2021 21:00,Arab Contractors,Misr Lel Makkasa,3,2,49%,51%,10,13,4,6,6,7,2,8,3,0,4,1,18,6,0,0,3,0,286,324,106,120,55,65,,,,,,,,,H
lKoj8w3m,21.08.2021 21:00,Smouha,El Gouna,3,1,49%,51%,8,7,4,2,4,5,1,3,2,1,1,1,14,11,0,1,2,3,298,330,83,90,44,45,,,,,,,,,H
A7eE2ZWO,21.08.2021 19:00,El-Entag El-Harby,Al Ittihad,1,1,47%,53%,11,9,4,4,7,5,2,8,0,2,3,3,20,18,0,0,3,2,200,267,102,131,46,74,,,,,,,,,D
CCZdRI9P,21.08.2021 19:00,National Bank Egypt,Ghazl El Mahallah,1,1,52%,48%,7,15,3,5,4,10,0,5,1,1,4,2,16,7,0,0,0,1,251,202,103,108,46,64,,,,,,,,,D
Iaw74e2C,20.08.2021 21:00,Al Ahly,Al Masry,4,2,51%,49%,23,9,11,3,12,6,0,6,2,2,1,7,19,14,0,0,3,2,326,318,109,110,57,65,,,,,,,,,H
CMxB3FHI,20.08.2021 21:00,Ceramica Cleopatra,Zamalek,1,2,47%,53%,8,14,4,5,4,9,2,6,1,0,3,3,9,9,0,0,2,0,310,401,103,113,45,78,,,,,,,,,A
MXqb6HXa,20.08.2021 21:00,Enppi,El Gaish,1,1,48%,52%,6,8,3,5,3,3,11,3,0,3,4,2,11,14,0,0,1,0,214,223,49,56,63,50,,,,,,,,,D
v9v35ym6,20.08.2021 19:00,El Ismaily,Wadi Degla,0,2,51%,49%,22,8,5,4,17,4,7,5,1,3,2,5,8,10,0,0,1,0,398,355,106,90,54,44,,,,,,,,,A
rsof7cIg,19.08.2021 21:00,Pyramids,Aswan SC,2,0,68%,32%,14,6,4,2,10,4,5,1,1,3,2,2,10,6,0,0,1,0,663,183,157,96,64,43,,,,,,,,,H
MB2QKWn0,18.08.2021 21:00,Misr Lel Makkasa,National Bank Egypt,3,5,50%,50%,18,14,10,8,8,6,7,3,0,5,3,7,8,12,0,0,1,2,325,280,109,109,68,38,,,,,,,,,A
r5Fb6XX6,18.08.2021 19:00,Ghazl El Mahallah,El-Entag El-Harby,1,3,50%,50%,7,12,2,6,5,6,3,6,2,1,3,1,17,16,1,0,3,0,224,209,112,99,47,49,,,,,,,,,A
vmDLLCXg,17.08.2021 21:00,El Gaish,Al Ahly,0,0,40%,60%,4,16,3,4,1,12,4,14,3,3,4,3,17,10,0,0,4,1,129,400,85,138,44,110,,,,,,,,,D
l26lTfuK,17.08.2021 21:00,Enppi,El Ismaily,2,1,42%,58%,9,20,4,4,5,16,3,5,3,2,3,2,21,16,0,0,2,0,175,381,93,103,52,68,,,,,,,,,H
Qq9HMhIm,17.08.2021 21:00,Zamalek,Wadi Degla,1,0,56%,44%,25,11,6,2,19,9,11,5,1,1,2,5,5,9,0,0,1,1,352,252,132,86,103,54,,,,,,,,,H
AB7pUzQD,17.08.2021 19:00,Al Ittihad,Ceramica Cleopatra,0,0,51%,49%,11,8,4,4,7,4,4,3,1,2,4,4,15,17,0,0,1,2,266,247,111,104,57,46,,,,,,,,,D
UDNoSEfQ,16.08.2021 21:00,Al Masry,Smouha,0,1,57%,43%,9,4,4,3,5,1,7,4,,,2,4,,,0,0,2,5,,,124,93,80,39,,,,,,,,,A
WM9DNY2s,16.08.2021 19:00,Aswan SC,Arab Contractors,1,2,51%,49%,6,11,3,6,3,5,5,5,1,1,4,2,12,19,0,0,2,4,273,220,105,118,54,57,,,,,,,,,A
d8J25imD,16.08.2021 19:00,El Gouna,Pyramids,1,2,43%,57%,9,7,3,4,6,3,2,8,,,2,2,,,0,0,4,2,,,104,116,65,79,,,,,,,,,A
fViU33sF,15.08.2021 19:00,El-Entag El-Harby,Misr Lel Makkasa,2,1,45%,55%,12,17,4,3,8,14,5,9,0,0,2,2,13,11,0,0,3,1,224,365,91,131,48,69,15,14,,,,,,,H
MHgM5PC2,14.08.2021 21:00,Al Ahly,Enppi,2,0,65%,35%,16,13,6,3,10,10,4,4,0,1,3,4,10,19,0,1,1,3,547,159,107,76,58,51,,,,,,,,,H
MPmostz2,14.08.2021 19:00,Ceramica Cleopatra,Ghazl El Mahallah,1,1,60%,40%,20,4,3,3,17,1,7,4,1,0,2,2,10,17,0,0,0,2,325,132,124,102,91,45,9,16,,,,,,,D
jcow2sCR,14.08.2021 19:00,El Ismaily,Zamalek,0,2,47%,53%,14,10,4,4,10,6,4,8,1,4,2,4,12,7,0,0,1,2,271,337,92,137,53,100,,,,,,,,,A
lCkwq25k,13.08.2021 21:00,Wadi Degla,Al Ittihad,0,0,56%,44%,18,15,4,2,14,13,3,4,0,2,2,4,6,14,0,0,1,3,378,233,111,120,75,66,10,10,,,,,,,D
h6X4c1Kr,13.08.2021 19:00,Smouha,El Gaish,4,2,43%,57%,12,20,8,6,4,14,3,7,1,0,4,4,9,15,0,0,1,1,199,343,101,138,50,70,10,13,,,,,,,H
8YeY2NdL,12.08.2021 21:00,Pyramids,Al Masry,0,1,64%,36%,18,3,1,2,17,1,11,1,0,3,1,1,13,9,0,0,2,2,544,180,141,82,93,23,11,22,,,,,,,A
rZlsrMKe,12.08.2021 19:00,Arab Contractors,El Gouna,2,1,40%,60%,10,15,6,5,4,10,1,3,3,2,4,4,20,15,0,0,1,2,102,316,87,119,40,67,15,12,,,,,,,H
08hQ4qS8,12.08.2021 19:00,National Bank Egypt,Aswan SC,2,2,50%,50%,9,18,4,6,5,12,4,5,1,4,4,2,18,11,0,0,1,2,265,249,111,124,49,59,9,5,,,,,,,D
z9oZqrjq,11.08.2021 21:00,Al Ahly,El Ismaily,1,1,54%,46%,18,10,6,3,12,7,9,5,1,1,2,5,12,12,0,0,2,2,380,232,132,89,82,50,,,,,,,,,D
0nHkh6r3,10.08.2021 21:00,Al Ittihad,Zamalek,1,2,44%,56%,6,9,2,6,4,3,2,6,1,2,4,1,17,9,0,0,3,2,168,299,106,128,50,63,18,16,,,,,,,A
21bngnTd,10.08.2021 19:00,Ghazl El Mahallah,Wadi Degla,2,2,50%,50%,14,8,3,3,11,5,4,3,1,1,1,1,17,11,0,0,1,2,244,231,115,102,69,46,9,12,,,,,,,D
M15bjpDF,10.08.2021 19:00,Misr Lel Makkasa,Ceramica Cleopatra,1,2,44%,56%,2,15,1,5,1,10,2,5,1,7,3,0,12,12,1,0,4,2,247,401,106,132,38,71,,,,,,,,,A
UR86lOsS,09.08.2021 19:00,Enppi,Smouha,0,0,50%,50%,12,4,2,2,10,2,4,3,3,1,2,2,20,10,0,0,2,4,269,270,118,101,62,42,,,,,,,,,D
lbA4U2jd,08.08.2021 21:00,Al Masry,Arab Contractors,3,1,50%,50%,12,9,7,3,5,6,9,2,3,0,2,4,15,16,0,0,2,3,238,253,111,102,50,39,9,15,,,,,,,H
jyA2k4SL,08.08.2021 21:00,El Gaish,Pyramids,1,1,42%,58%,11,5,6,1,5,4,7,3,4,1,0,5,20,25,1,0,3,4,203,371,108,90,66,40,,,,,,,,,D
rB6fiQc9,08.08.2021 19:00,Aswan SC,El-Entag El-Harby,2,2,47%,53%,5,18,4,8,1,10,4,6,2,0,6,2,14,13,0,0,2,2,211,295,102,130,61,69,,,,,,,,,D
A7B0Vryj,08.08.2021 19:00,El Gouna,National Bank Egypt,1,1,51%,49%,7,8,4,2,3,6,1,1,1,9,1,3,18,12,0,0,4,1,224,229,105,118,41,57,10,4,,,,,,,D
OQ5TO12r,07.08.2021 21:00,Al Ahly,Ceramica Cleopatra,4,0,55%,45%,29,15,10,4,19,11,9,3,2,0,4,6,12,6,0,1,,,390,286,92,95,69,33,16,11,,,,,,,H
hWGeWOLq,07.08.2021 19:00,Zamalek,Ghazl El Mahallah,3,0,57%,43%,13,10,4,1,9,9,2,2,0,1,1,1,16,11,0,0,,,372,244,109,115,53,69,10,10,,,,,,,H
4ODMSA3G,04.08.2021 21:00,Wadi Degla,Al Ahly,1,2,50%,50%,6,15,2,6,4,9,1,4,2,4,4,1,9,5,0,0,1,0,322,283,78,90,36,62,,,,,,,,,A
WGKVWG0J,04.08.2021 19:00,Pyramids,El Ismaily,2,2,49%,51%,6,10,4,2,2,8,5,5,3,1,0,2,16,11,0,1,3,1,308,349,97,112,40,46,8,8,,,,,,,D
OlA6m4E8,29.07.2021 19:00,Aswan SC,Al Ahly,1,3,38%,62%,10,11,2,5,8,6,3,6,3,4,2,1,9,14,0,0,1,1,245,522,64,94,46,75,,,,,,,,,A
OCQfA2mk,26.07.2021 19:00,Pyramids,National Bank Egypt,1,1,65%,35%,19,6,4,3,15,3,10,2,2,4,2,3,14,14,0,0,2,4,538,150,102,64,73,24,,,,,,,,,D
fVwus1OQ,25.07.2021 19:00,El-Entag El-Harby,Al Ahly,2,3,38%,62%,6,16,4,4,2,12,3,7,2,2,1,2,15,16,0,0,3,4,160,497,101,136,26,80,,,,,,,,,A
UidOXv1J,22.07.2021 19:00,Al Ahly,National Bank Egypt,1,1,60%,40%,15,9,4,3,11,6,4,4,2,3,2,3,7,12,0,0,1,1,491,212,133,91,99,60,,,,,,,,,D
xfqzrs9K,16.07.2021 21:00,Arab Contractors,Pyramids,0,2,37%,63%,7,7,1,4,6,3,2,3,1,2,2,1,15,14,0,0,4,3,240,618,96,127,39,46,,,,,,,,,A
hfVkM6bC,11.07.2021 19:00,Misr Lel Makkasa,Al Ahly,1,4,41%,59%,8,14,2,7,6,7,4,2,3,6,3,1,17,9,0,0,2,1,253,499,99,125,54,77,,,,,,,,,A
pvHbPG8a,08.07.2021 21:00,Arab Contractors,Al Ahly,0,2,34%,66%,5,22,1,3,4,19,2,9,2,1,1,1,16,17,0,0,,,186,629,95,134,43,98,11,21,,,,,,,A
tlyjBrYr,08.07.2021 19:00,El-Entag El-Harby,Pyramids,2,2,40%,60%,9,14,6,8,3,6,3,7,2,2,6,4,13,20,0,0,1,2,198,498,103,128,41,66,,,,,,,,,D
0YyHw7T9,05.07.2021 19:00,El Ismaily,Al Ittihad,1,2,72%,28%,8,6,3,3,5,3,0,1,0,0,1,2,14,11,0,0,1,1,364,139,135,95,48,61,,,,,,,,,A
YL0MHP6j,05.07.2021 17:00,Wadi Degla,Misr Lel Makkasa,1,1,52%,48%,12,13,5,3,7,10,7,3,7,1,2,4,11,9,0,0,,,363,362,112,97,69,48,,,,,,,,,D
jNUTz5DS,04.07.2021 21:00,Smouha,Al Ahly,0,4,44%,56%,9,16,3,10,6,6,5,3,1,1,6,3,14,10,0,0,1,0,244,495,109,128,57,63,,,,,,,,,A
EHw9uTbc,04.07.2021 19:00,Pyramids,Enppi,1,1,64%,36%,8,12,4,6,4,6,6,6,3,3,5,3,12,16,0,0,1,1,494,133,100,98,66,58,,,,,,,,,D
MswDvmE3,04.07.2021 17:00,Arab Contractors,El Gaish,0,1,51%,49%,6,13,2,5,4,8,3,4,0,0,4,2,13,12,0,0,,,247,264,72,72,54,52,,,,,,,,,A
rcRLxRrG,02.07.2021 21:00,National Bank Egypt,Al Masry,2,0,41%,59%,10,22,4,4,6,18,3,9,2,1,4,2,20,7,0,0,5,3,178,423,82,109,42,84,,,,,,,,,H
d0VPyobM,02.07.2021 19:00,El-Entag El-Harby,El Gouna,1,1,46%,54%,9,8,7,4,2,4,2,3,1,2,3,6,10,20,0,0,2,2,270,276,117,119,76,60,,,,,,,,,D
zRv5t9qi,02.07.2021 17:00,Ceramica Cleopatra,Aswan SC,1,1,53%,47%,15,10,3,2,12,8,8,4,1,0,1,2,22,21,0,0,4,1,313,224,95,86,65,51,,,,,,,,,D
KIdII5ip,01.07.2021 21:00,Al Ahly,Pyramids,2,2,53%,47%,22,7,7,4,15,3,8,2,3,1,2,5,18,13,0,1,1,5,410,332,116,79,70,30,,,,,,,,,D
h4txwzwa,28.06.2021 19:00,Enppi,Arab Contractors,1,1,46%,54%,5,9,2,1,3,8,8,5,0,5,0,1,17,17,0,0,1,1,225,333,105,114,52,60,,,,,,,,,D
lWZpyE7B,28.06.2021 19:00,Misr Lel Makkasa,Zamalek,0,1,54%,46%,13,10,1,4,12,6,4,3,2,2,3,1,18,11,0,0,2,2,357,279,88,70,48,35,,,,,,,,,A
Wfutxfh5,27.06.2021 19:00,Smouha,El Ismaily,0,3,44%,56%,11,12,4,5,7,7,6,3,2,0,2,4,6,21,0,0,0,4,300,400,125,109,63,45,,,,,,,,,A
SMYlzYMH,27.06.2021 17:00,El Gaish,National Bank Egypt,0,2,56%,44%,16,11,3,4,13,7,6,5,1,0,2,3,9,11,0,0,1,3,295,168,83,71,45,29,,,,,,,,,A
4rlPuxgt,25.06.2021 21:00,Al Masry,El-Entag El-Harby,2,3,61%,39%,17,8,3,4,14,4,9,2,4,2,1,1,11,13,0,0,1,1,396,181,127,108,68,42,,,,,,,,,A
bssYwGNh,25.06.2021 19:00,Aswan SC,Wadi Degla,1,4,54%,46%,18,16,6,6,12,10,4,3,2,0,2,5,9,14,0,0,,,274,299,133,114,103,68,,,,,,,,,A
n7wUvd8n,25.06.2021 19:00,Ghazl El Mahallah,Al Ittihad,1,1,49%,51%,21,11,5,4,16,7,9,3,1,0,3,4,22,21,0,0,3,3,212,184,97,111,65,63,,,,,,,,,D
2Z1cpIpP,25.06.2021 17:00,El Gouna,Ceramica Cleopatra,3,2,54%,46%,13,13,3,3,10,10,1,2,0,1,1,0,19,15,0,0,3,4,223,185,101,73,56,50,,,,,,,,,H
vRobRxvm,18.06.2021 19:00,Wadi Degla,El Gouna,0,0,51%,49%,12,6,6,0,6,6,7,0,1,0,0,6,13,14,0,0,0,1,371,381,89,84,60,29,,,,,,,,,D
h4K6NfwC,17.06.2021 19:00,Al Ittihad,Misr Lel Makkasa,2,1,50%,50%,13,13,4,5,9,8,1,4,3,2,4,2,18,15,0,0,1,3,217,287,97,102,53,40,,,,,,,,,H
zT9BMEhI,17.06.2021 19:00,Zamalek,Aswan SC,3,0,67%,33%,15,12,5,3,10,9,5,1,3,4,3,2,15,13,0,0,1,2,446,195,88,68,68,47,,,,,,,,,H
0zmfSIOt,17.06.2021 17:00,El Ismaily,Ghazl El Mahallah,3,1,58%,42%,16,12,5,3,11,9,1,6,2,2,2,2,17,13,0,0,2,2,394,181,79,67,51,61,,,,,,,,,H
6mIfQdgg,16.06.2021 21:00,Ceramica Cleopatra,Al Masry,1,2,52%,48%,10,10,3,4,7,6,6,2,0,4,2,2,20,17,0,0,6,4,319,312,106,122,59,57,,,22,19,15,18,,,A
v1G2OzO5,16.06.2021 19:00,National Bank Egypt,Enppi,2,3,56%,44%,16,19,7,10,9,9,7,7,2,1,7,5,13,17,0,0,2,3,408,181,102,67,86,56,,,,,,,,,A
re0SWbGP,15.06.2021 19:00,El-Entag El-Harby,El Gaish,1,2,52%,48%,14,12,4,4,10,8,12,2,1,4,2,3,9,15,0,0,1,2,368,313,158,158,61,62,,,,,,,,,A
EJ8FLY7O,15.06.2021 19:00,Pyramids,Smouha,0,3,63%,37%,16,18,5,8,11,10,10,3,1,2,5,5,21,12,1,1,1,3,473,163,140,94,87,38,,,,,,,,,A
OjHNYxW6,30.05.2021 21:00,El Gouna,Zamalek,0,0,48%,52%,10,17,1,4,9,13,3,8,1,0,4,1,23,13,1,0,5,3,163,294,96,116,32,79,,,,,,,,,D
dvQ6xLWs,30.05.2021 17:00,Enppi,El-Entag El-Harby,1,1,55%,45%,6,9,3,3,3,6,2,4,1,0,2,2,11,15,0,0,2,2,310,185,132,100,79,34,,,,,,,,,D
p0IJZIG0,30.05.2021 17:00,Smouha,Arab Contractors,2,2,44%,56%,8,15,5,8,3,7,2,4,2,1,6,3,17,25,1,0,2,3,249,340,103,119,66,64,,,,,,,,,D
j1PAyunl,29.05.2021 21:00,El Gaish,Ceramica Cleopatra,2,2,58%,42%,18,15,6,6,12,9,6,1,4,1,4,4,15,17,0,1,0,3,259,180,114,96,71,50,,,,,,,,,D
hQLRXdoD,28.05.2021 21:00,Aswan SC,Al Ittihad,0,2,50%,50%,13,4,1,2,12,2,6,2,0,0,0,1,15,21,0,0,1,2,214,186,136,124,70,50,10,12,,,,,,,A
0WzDeuke,28.05.2021 17:00,Al Masry,Wadi Degla,2,2,59%,41%,17,8,5,3,12,5,8,1,0,4,1,3,12,10,0,0,2,3,451,206,141,75,96,35,,,,,,,,,D
2yTEza1f,28.05.2021 17:00,Misr Lel Makkasa,Ghazl El Mahallah,1,0,62%,38%,11,9,4,1,7,8,2,2,3,3,1,3,9,20,0,0,1,2,401,176,148,110,50,50,,,,,,,,,H
Mux9dLZl,26.05.2021 19:00,Ceramica Cleopatra,Enppi,0,2,54%,46%,12,12,2,6,10,6,6,2,3,0,4,2,23,15,0,0,5,2,276,198,119,99,70,53,,,,,,,,,A
p0dlKwHD,26.05.2021 17:00,National Bank Egypt,Smouha,2,2,51%,49%,13,11,6,2,7,9,5,4,3,0,0,4,18,12,0,0,2,2,260,159,110,98,64,47,18,14,,,,,0,0,D
lY2uMan1,25.05.2021 21:00,Al Ittihad,El Gouna,0,1,53%,47%,10,10,1,2,9,8,3,1,5,3,1,1,20,27,0,0,4,3,270,216,164,126,78,43,25,19,,,,,,,A
WdhpLJ17,25.05.2021 21:00,Aswan SC,Ghazl El Mahallah,1,0,43%,57%,10,11,3,1,7,10,4,9,1,3,1,2,21,15,0,0,3,2,128,206,51,66,57,75,13,4,,,,,,,H
b3pWrNgE,25.05.2021 19:00,Wadi Degla,El Gaish,0,1,52%,48%,9,8,4,2,5,6,3,0,1,1,1,4,24,29,0,0,1,1,314,214,120,107,52,43,11,19,,,,,,,A
As4yNuXf,24.05.2021 21:00,Zamalek,Al Masry,3,2,59%,41%,17,10,8,4,9,6,6,4,3,0,2,5,11,18,1,1,3,5,356,189,120,78,84,33,7,9,,,,,,,H
2H4XNLHl,24.05.2021 19:00,El Ismaily,Misr Lel Makkasa,2,1,47%,53%,10,9,3,1,7,8,2,2,2,1,1,1,17,19,0,0,2,3,366,422,131,136,50,47,18,19,,,,,,,H
4tPdUNvL,21.05.2021 21:00,Enppi,Wadi Degla,0,0,49%,51%,9,13,3,2,6,11,2,5,3,4,2,3,15,7,0,0,2,1,233,258,102,117,46,65,13,11,,,,,,,D
IqT0TsfR,21.05.2021 19:00,Smouha,El-Entag El-Harby,4,2,47%,53%,13,16,10,6,3,10,3,4,0,2,4,6,20,13,0,0,3,1,245,333,118,138,53,61,12,25,,,,,,,H
AJPhV3PE,20.05.2021 21:00,Al Masry,Al Ittihad,1,0,53%,47%,10,12,4,4,6,8,2,6,0,4,4,3,14,15,0,0,1,3,312,218,62,63,32,36,26,12,,,,,,,H
WSQlWqA8,20.05.2021 21:00,Zamalek,El Gaish,2,1,56%,44%,22,14,7,5,15,9,5,5,2,2,4,5,9,14,0,0,0,1,390,207,103,87,60,46,14,13,,,,,,,H
fBs670X7,20.05.2021 19:00,El Gouna,Ghazl El Mahallah,0,0,66%,34%,5,6,2,2,3,4,6,3,0,0,2,2,12,8,0,0,1,0,283,121,94,84,45,43,5,7,,,,,,,D
GKr28tI1,19.05.2021 21:00,Aswan SC,Misr Lel Makkasa,2,4,48%,52%,15,10,6,5,9,5,3,2,5,1,1,4,19,17,0,0,2,4,221,249,107,124,70,47,14,13,,,,,,,A
Mcqb9M2e,19.05.2021 19:00,Arab Contractors,El Ismaily,1,0,42%,58%,8,9,2,1,6,8,5,3,4,0,1,1,21,12,0,1,3,2,265,367,125,127,54,51,33,24,,,,,,,H
zk9ITjlA,15.05.2021 21:00,Al Ittihad,El Gaish,1,1,48%,52%,19,13,5,2,14,11,5,7,2,0,1,4,13,14,0,0,3,4,240,209,137,102,78,58,,,,,,,,,D
dbAEUWY3,15.05.2021 19:00,Misr Lel Makkasa,El Gouna,1,0,57%,43%,6,4,3,3,3,1,5,2,4,2,3,2,17,16,0,0,0,2,461,267,126,95,50,33,,,,,,,,,H
EZK9VCJc,15.05.2021 17:00,Ceramica Cleopatra,Smouha,1,1,48%,52%,14,12,3,3,11,9,2,3,1,4,2,2,11,12,0,0,1,2,353,334,123,128,58,52,17,18,,,,,,,D
0WG5Wh4i,14.05.2021 21:00,Zamalek,Enppi,3,1,52%,48%,10,14,5,4,5,10,3,2,1,4,3,2,16,6,0,0,1,2,311,222,60,47,48,53,11,14,9,17,24,18,,,H
nTSN79Rj,14.05.2021 19:00,Ghazl El Mahallah,Al Masry,1,2,47%,53%,12,13,2,3,10,10,4,6,0,1,1,1,19,18,0,0,2,4,194,228,98,115,64,63,15,15,19,18,28,26,,,A
8xUJ8kCp,14.05.2021 17:00,El Ismaily,Aswan SC,3,2,73%,27%,13,13,5,4,8,9,4,4,0,3,2,2,21,12,0,0,2,2,490,103,120,81,69,44,11,17,18,20,23,11,,,H
48PbDV3T,14.05.2021 17:00,National Bank Egypt,Arab Contractors,0,1,55%,45%,12,9,3,7,9,2,3,0,0,1,6,3,22,13,0,0,2,1,309,231,113,124,54,51,11,9,,,0,0,,,A
Ao62lpa2,10.05.2021 21:30,Al Ahly,Zamalek,1,1,53%,47%,10,14,3,6,7,8,7,4,2,2,5,2,11,14,0,0,1,2,397,336,107,112,47,46,,,,,,,,,D
M7rzkdYF,10.05.2021 21:30,El Gouna,Aswan SC,1,1,57%,43%,11,9,3,4,8,5,5,2,2,2,3,2,13,14,0,1,1,4,399,141,141,109,69,45,,,,,,,,,D
SMtItYud,10.05.2021 21:30,National Bank Egypt,El Ismaily,0,2,30%,70%,4,15,3,4,1,11,3,7,3,2,2,3,18,14,1,0,1,1,162,429,99,110,53,77,,,,,,,,,A
6DuMuhe2,10.05.2021 21:30,Smouha,Wadi Degla,2,1,51%,49%,10,9,4,6,6,3,2,3,,,5,2,,,0,1,1,2,,,,,,,,,16,17,18,16,,,H
EF0smz3S,09.05.2021 21:30,Al Masry,Misr Lel Makkasa,0,0,58%,42%,10,6,1,1,9,5,4,2,1,2,1,1,17,22,0,0,4,5,428,224,102,80,58,45,,,,,,,,,D
GUsvlGmM,09.05.2021 21:30,El Gaish,Ghazl El Mahallah,3,1,49%,51%,14,7,9,4,5,3,6,7,,,3,6,,,0,0,3,2,,,70,73,39,38,,,13,23,20,24,,,H
KdwArfBq,09.05.2021 21:30,Enppi,Al Ittihad,0,0,49%,51%,5,8,1,3,4,5,5,4,0,1,3,1,11,17,0,0,1,2,188,255,106,146,40,62,,,,,,,,,D
bmxEsEQk,09.05.2021 21:30,Pyramids,Ceramica Cleopatra,2,4,59%,41%,25,6,6,5,19,1,9,0,3,1,1,4,14,9,0,0,3,5,364,164,128,89,76,23,,,,,,,,,A
rHqWkxJ9,08.05.2021 21:30,Arab Contractors,El-Entag El-Harby,1,1,59%,41%,7,6,2,1,5,5,7,2,2,0,0,1,21,22,0,0,3,5,276,162,55,54,54,42,,,,,,,,,D
nkjNiblc,06.05.2021 21:30,Al Ittihad,Al Ahly,1,2,39%,61%,9,16,4,4,5,12,6,4,2,4,2,3,20,11,0,0,2,1,190,454,102,125,58,66,,,,,,,,,A
d28EorqL,06.05.2021 21:30,Ghazl El Mahallah,Enppi,1,0,44%,56%,11,9,4,5,7,4,3,7,3,0,5,3,22,10,0,1,3,4,,,78,85,38,50,,,10,26,18,25,,,H
Yo2uTEBd,06.05.2021 21:30,Wadi Degla,Pyramids,1,3,49%,51%,10,23,2,11,8,12,6,3,0,1,8,1,12,16,0,0,1,4,221,349,86,100,40,74,,,,,,,,,A
QukRjI33,06.05.2021 21:30,Zamalek,Smouha,2,1,51%,49%,18,16,4,6,14,10,5,5,2,1,5,2,15,11,0,0,0,1,378,318,119,114,56,57,,,,,,,,,H
zBM4ZGYS,05.05.2021 21:30,Aswan SC,Al Masry,2,3,31%,69%,9,13,2,6,7,7,7,4,0,1,3,0,15,14,0,0,0,2,148,472,73,104,46,49,,,,,,,,,A
SpN0zcJM,05.05.2021 21:30,Ceramica Cleopatra,Arab Contractors,1,1,49%,51%,9,9,3,3,6,6,4,6,0,1,2,2,11,13,0,0,,,283,311,109,115,59,65,,,,,,,,,D
xK8WUzsp,05.05.2021 21:30,El Ismaily,El Gouna,3,2,51%,49%,6,6,6,3,0,3,1,3,3,1,1,3,20,29,0,0,1,5,293,269,95,86,46,50,,,,,,,,,H
KrbyUfdj,05.05.2021 21:30,Misr Lel Makkasa,El Gaish,0,2,67%,33%,9,8,4,4,5,4,4,1,,,2,4,,,0,0,3,1,,,71,60,33,35,,,12,12,23,14,,,A
lfOdyw4G,04.05.2021 21:30,El-Entag El-Harby,National Bank Egypt,1,3,55%,45%,20,11,7,4,13,7,6,3,2,0,1,6,11,17,0,0,,,306,234,104,94,81,51,,,,,,,,,A
6VYixJlA,03.05.2021 21:30,Ghazl El Mahallah,Al Ahly,1,0,37%,63%,10,13,4,6,6,7,2,6,2,2,6,3,22,11,0,0,6,1,123,433,86,143,44,107,,,,,,,,,H
b5VqvuKc,02.05.2021 21:30,Enppi,Misr Lel Makkasa,2,0,48%,52%,9,8,4,1,5,7,4,5,7,1,1,2,13,15,0,0,1,0,233,280,105,118,76,52,,,,,,,,,H
hSUmwaZ3,02.05.2021 21:30,Zamalek,Pyramids,1,1,50%,50%,13,9,2,3,11,6,4,5,5,4,2,1,14,20,0,0,2,2,340,317,82,79,56,57,,,,,,,,,D
46lgHHCp,01.05.2021 21:30,El Gaish,Aswan SC,3,0,55%,45%,14,9,9,4,5,5,4,3,3,0,4,6,14,9,0,0,1,1,256,215,103,95,69,55,,,,,,,,,H
rcmcGySj,01.05.2021 21:30,El-Entag El-Harby,El Ismaily,0,2,43%,57%,8,16,2,6,6,10,4,7,3,0,4,2,14,12,0,0,2,2,307,429,128,124,78,70,,,,,,,,,A
nR1RLc4T,01.05.2021 21:30,Smouha,Al Ittihad,2,2,43%,57%,12,14,6,5,6,9,3,5,0,1,3,4,18,21,0,0,4,2,156,237,100,116,56,75,,,,,,,,,D
006C8mUC,30.04.2021 21:30,Al Ahly,El Gouna,1,1,54%,46%,10,6,3,2,7,4,4,0,1,3,1,2,17,18,0,0,1,2,448,346,99,80,81,44,,,,,,,,,D
zibNMwkN,30.04.2021 21:30,National Bank Egypt,Ceramica Cleopatra,1,1,43%,57%,13,14,7,4,6,10,7,2,3,0,3,6,27,11,0,0,0,1,209,365,84,117,53,68,,,,,,,,,D
hS8INJZG,29.04.2021 21:30,Zamalek,Arab Contractors,2,2,60%,40%,17,9,5,3,12,6,6,7,1,2,1,3,16,13,0,0,1,3,422,237,127,94,81,44,,,,,,,,,D
CGoZfUaD,27.04.2021 21:30,Al Masry,Al Ahly,1,2,56%,44%,18,10,5,5,13,5,12,0,0,1,3,4,8,16,0,0,1,1,450,323,137,94,94,48,,,,,,,,,A
E3WoNnq6,26.04.2021 21:30,Zamalek,National Bank Egypt,4,1,59%,41%,18,8,7,2,11,6,5,8,0,0,1,3,18,17,0,1,3,2,422,214,102,90,58,47,,,,,,,,,H
EyAEOaKA,24.04.2021 21:30,Al Ittihad,Pyramids,0,2,50%,50%,16,9,5,5,11,4,6,5,2,1,3,5,10,22,0,0,1,1,263,303,95,96,61,49,,,24,9,25,20,,,A
MwidIael,24.04.2021 21:30,Enppi,Al Ahly,1,3,48%,52%,13,13,3,8,10,5,6,3,0,3,5,2,11,9,0,0,1,1,253,418,70,78,71,67,,,11,12,19,22,,,A
IB9AnOTE,22.04.2021 21:30,Arab Contractors,Wadi Degla,1,0,45%,55%,11,7,3,1,8,6,2,1,0,1,1,2,22,19,0,0,3,1,245,330,127,114,75,53,,,,,,,,,H
6w789TE6,22.04.2021 21:30,El-Entag El-Harby,Zamalek,0,2,52%,48%,8,7,3,2,5,5,4,2,1,1,0,3,11,18,1,1,1,4,368,236,123,96,82,46,,,,,,,,,A
M3zmiNdk,21.04.2021 21:30,Al Ahly,Smouha,1,2,63%,37%,27,3,8,3,19,0,8,3,0,1,1,7,12,13,0,0,1,3,477,157,153,96,96,42,,,,,,,,,A
Ay3rUrym,18.04.2021 21:30,Zamalek,Al Ahly,1,2,51%,49%,11,11,5,3,6,8,5,3,,,1,4,,,0,0,2,1,,,123,96,57,36,,,13,14,21,15,,,A
KtXsOSTa,17.04.2021 21:30,Ghazl El Mahallah,Pyramids,2,2,48%,52%,11,10,3,2,8,8,2,4,5,2,0,1,14,16,0,0,1,1,191,328,107,140,47,69,,,,,,,,,D
CzAG77qJ,16.04.2021 21:30,El Gouna,Enppi,1,0,47%,53%,9,7,3,3,6,4,3,5,1,1,3,2,15,14,1,0,3,1,247,205,112,112,59,62,,,,,,,,,H
xbFiDBFs,14.04.2021 21:30,Pyramids,Misr Lel Makkasa,1,1,56%,44%,9,10,6,5,3,5,3,2,3,2,4,5,19,12,0,0,0,1,499,267,149,83,90,40,,,,,,,,,D
KEWuuL4i,11.04.2021 19:00,Al Masry,El Gouna,1,0,51%,49%,13,10,5,1,8,9,6,2,1,3,1,4,18,32,0,0,2,2,239,237,108,117,66,59,,,,,,,,,H
OnH1R1zh,11.04.2021 17:00,Ceramica Cleopatra,El-Entag El-Harby,1,1,62%,38%,6,6,3,3,3,3,2,5,0,4,2,2,15,23,0,0,2,3,362,201,127,93,62,52,,,,,,,,,D
p25APu54,07.04.2021 21:00,El Ismaily,Al Masry,2,1,44%,56%,9,9,2,3,7,6,4,2,1,2,2,0,34,20,0,0,6,4,211,328,62,90,34,40,,,,,,,,,H
6B66QLkb,07.04.2021 19:00,Wadi Degla,National Bank Egypt,4,2,51%,49%,11,11,4,4,7,7,6,2,0,0,2,0,10,17,0,0,4,3,313,249,60,65,63,55,,,,,,,,,H
AqDcSsLo,07.04.2021 15:00,El Gouna,El Gaish,0,4,50%,50%,10,13,1,7,9,6,1,7,2,1,3,1,19,13,1,0,4,1,233,258,95,118,44,86,,,,,,,,,A
dtPF3bro,06.04.2021 17:00,Aswan SC,Enppi,1,0,43%,57%,5,11,3,3,2,8,2,8,1,3,3,2,20,18,0,0,,,161,265,56,78,47,81,,,,,,,,,H
KG1nLQDI,06.04.2021 15:00,Ghazl El Mahallah,Smouha,1,1,54%,46%,8,10,1,5,7,5,2,7,1,1,4,1,16,22,0,0,2,2,255,224,127,101,80,64,,,,,,,,,D
hWn3VAyQ,05.04.2021 19:00,Al Ittihad,Arab Contractors,4,2,53%,47%,17,15,7,4,10,11,4,6,1,3,2,3,14,12,0,0,0,1,236,310,135,119,62,81,,,,,,,,,H
6wTwP8Eg,03.04.2021 21:00,El Ismaily,Ceramica Cleopatra,1,2,65%,35%,14,4,4,2,10,2,8,2,0,0,0,3,25,24,0,0,2,4,391,171,117,104,73,58,,,,,,,,,A
OEwZPlam,03.04.2021 19:00,Al Masry,El Gaish,1,0,57%,43%,7,13,4,5,3,8,9,7,0,0,5,3,16,14,0,0,1,4,342,225,113,110,50,64,,,,,,,,,H
pOvVQUqs,02.04.2021 21:00,Misr Lel Makkasa,Smouha,1,1,56%,44%,9,13,4,5,5,8,5,7,2,3,4,3,13,26,0,0,3,2,363,307,118,119,49,77,,,,,,,,,D
EulaWjMJ,02.04.2021 17:00,Wadi Degla,El-Entag El-Harby,0,0,50%,50%,7,7,1,2,6,5,3,5,1,0,2,1,15,14,0,0,1,2,248,295,87,89,45,49,,,,,,,,,D
Sn84A9a0,16.03.2021 18:00,El Gaish,El Ismaily,1,1,46%,54%,6,9,2,5,4,4,1,0,5,2,4,1,26,18,0,0,1,2,98,162,105,123,52,78,,,,,,,,,D
ABDaBkpf,16.03.2021 16:00,Ceramica Cleopatra,Wadi Degla,1,2,58%,42%,13,6,3,4,10,2,2,3,0,2,2,2,14,16,0,0,4,3,356,212,115,87,75,42,,,,,,,,,A
IDYKIXiK,15.03.2021 16:00,National Bank Egypt,Al Ittihad,0,1,50%,50%,4,10,0,2,4,8,3,8,5,2,1,0,15,13,0,0,1,0,283,240,78,109,47,85,,,,,,,,,A
0xOPHi7Q,14.03.2021 14:00,Arab Contractors,Ghazl El Mahallah,0,1,56%,44%,11,8,2,4,9,4,4,3,2,1,3,2,15,15,0,0,1,1,678,546,98,85,62,46,,,,,,,,,A
WKEeCVUm,13.03.2021 18:00,Enppi,Al Masry,1,1,40%,60%,7,9,1,1,6,8,4,3,1,4,0,0,20,16,0,0,1,0,192,376,86,96,53,63,,,,,,,,,D
vNZGJDxE,12.03.2021 14:00,Smouha,Aswan SC,5,0,57%,43%,14,10,7,3,7,7,3,3,0,1,3,2,23,13,0,0,1,3,351,265,103,102,54,59,,,,,,,,,H
YPnVeAp7,11.03.2021 18:30,Zamalek,Ceramica Cleopatra,2,0,50%,50%,8,16,2,3,6,13,5,8,3,2,3,0,16,20,0,0,5,2,,,93,117,40,80,,,,,,,,,H
IVkR4tRl,10.03.2021 18:30,El Ismaily,Al Ahly,0,2,47%,53%,5,7,0,4,5,3,4,3,1,1,2,0,18,19,0,0,2,3,199,266,74,70,25,45,,,,,,,,,A
6ifSE5Xb,09.03.2021 18:00,Al Ittihad,Ghazl El Mahallah,0,0,56%,44%,7,5,2,1,5,4,12,3,0,4,1,2,12,19,0,0,0,1,296,157,121,94,92,69,,,,,,,,,D
j1cQdjV0,06.03.2021 18:00,Aswan SC,Pyramids,0,2,46%,54%,14,9,3,4,11,5,3,4,4,2,2,3,18,21,0,0,3,2,169,317,113,120,73,59,,,,,,,,,A
4peEahor,05.03.2021 18:00,El Gaish,Enppi,1,1,55%,45%,14,13,6,4,8,9,7,2,3,0,3,5,14,17,0,0,1,2,350,213,137,118,88,70,,,,,,,,,D
xbgMcWFf,05.03.2021 16:00,Al Ittihad,El-Entag El-Harby,2,0,58%,42%,17,3,8,0,9,3,5,1,2,1,0,6,20,18,0,1,1,2,343,183,147,86,101,51,,,,,,,,,H
ryfIbC0l,05.03.2021 14:00,Wadi Degla,El Ismaily,0,0,56%,44%,3,10,1,5,2,5,1,8,6,1,5,1,9,19,0,0,1,2,286,202,103,101,64,78,,,,,,,,,D
OjDo4YxR,04.03.2021 14:00,Ghazl El Mahallah,National Bank Egypt,0,0,62%,38%,25,7,7,1,18,6,7,1,1,2,1,7,16,18,0,1,1,3,373,98,141,83,113,41,,,,,,,,,D
QegZ2Ke1,02.03.2021 18:00,Al Masry,Pyramids,1,2,45%,55%,7,16,2,6,5,10,3,7,2,1,4,1,18,16,0,0,5,3,225,352,117,147,57,69,,,16,19,19,0,,,A
p0Es5ENK,02.03.2021 16:00,Misr Lel Makkasa,Arab Contractors,0,0,58%,42%,7,8,2,1,5,7,2,5,1,3,1,2,17,17,0,0,2,1,369,263,147,132,92,63,,,,,,,,,D
jwFw6f8E,02.03.2021 14:00,El Gouna,Smouha,2,2,49%,51%,9,12,4,7,5,5,5,14,0,1,5,2,30,16,0,0,3,1,206,207,84,93,48,83,,,,,,,,,D
U3GZVIPm,01.03.2021 18:30,Wadi Degla,Zamalek,0,0,44%,56%,7,19,1,7,6,12,3,8,2,0,7,1,10,15,0,0,2,1,324,504,37,67,19,38,,,,,,,,,D
Q3RBZ4DP,01.03.2021 16:00,Al Ittihad,Enppi,0,1,59%,41%,18,11,2,4,16,7,11,3,3,2,3,2,14,17,0,0,1,2,392,131,142,94,125,46,,,,,,,,,A
zsHVWbAs,28.02.2021 18:30,Al Ahly,El Gaish,2,1,58%,42%,16,8,6,4,10,4,3,3,4,1,3,4,15,13,0,0,3,1,418,214,132,107,87,65,,,,,,,,,H
6iWLQNm8,28.02.2021 13:30,Aswan SC,National Bank Egypt,0,2,41%,59%,12,4,4,2,8,2,5,2,1,3,0,4,12,17,0,0,1,3,222,335,104,97,60,48,,,,,,,,,A
fDQ9dOHU,26.02.2021 16:00,Al Masry,Ceramica Cleopatra,2,2,59%,41%,13,11,4,3,9,8,4,3,2,0,1,2,17,19,0,0,2,3,312,173,114,108,60,59,,,,,,,,,D
0lQ3yu2Q,25.02.2021 18:30,Pyramids,El Gouna,1,1,56%,44%,8,3,2,2,6,1,8,8,3,0,1,1,20,10,0,0,3,3,423,278,134,82,94,45,,,,,,,,,D
rmhhJutr,25.02.2021 16:00,Al Ittihad,Wadi Degla,2,1,48%,52%,14,8,4,5,10,3,5,4,1,1,4,2,19,19,0,0,4,4,299,288,112,99,68,52,,,,,,,,,H
fXEZzXxs,25.02.2021 13:30,El-Entag El-Harby,Enppi,0,0,46%,54%,11,9,3,3,8,6,3,3,2,2,3,3,22,17,0,0,2,0,208,318,102,103,61,47,,,,,,,,,D
IPzaxLnK,22.02.2021 18:30,Smouha,Al Masry,1,1,42%,58%,15,11,5,4,10,7,1,6,2,0,3,4,18,19,0,0,5,4,217,317,81,104,58,65,,,,,,,,,D
xhS7uDUP,21.02.2021 18:30,Al Ittihad,Aswan SC,1,3,63%,37%,18,9,5,5,13,4,11,2,4,0,2,4,18,20,0,0,1,3,414,168,117,93,82,58,,,,,,,,,A
vZyew1XD,21.02.2021 16:00,El Ismaily,Enppi,1,1,46%,54%,8,10,1,5,7,5,7,3,2,0,4,0,18,7,0,0,2,4,228,302,128,121,60,63,,,,,,,,,D
dMlV30te,21.02.2021 13:30,El Gouna,Arab Contractors,2,3,58%,42%,14,11,6,4,8,7,13,2,0,5,1,4,18,12,0,0,2,1,243,147,86,91,68,50,,,,,,,,,A
jF08b54F,20.02.2021 16:00,Misr Lel Makkasa,Wadi Degla,3,1,48%,52%,5,9,3,2,2,7,2,12,2,1,1,0,10,19,1,0,1,3,356,330,89,110,29,84,,,,,,,,,H
h8YXNLXQ,17.02.2021 18:30,Zamalek,El Ismaily,2,1,54%,46%,12,9,7,2,5,7,4,2,2,0,1,5,16,25,0,1,1,6,399,261,135,109,75,54,,,,,,,,,H
jJrDEHfD,17.02.2021 16:00,Ceramica Cleopatra,Al Ittihad,1,1,47%,53%,18,6,6,3,12,3,7,0,1,1,2,5,19,14,0,0,4,3,280,262,118,92,73,44,,,,,,,,,D
CSq9Fcu7,17.02.2021 16:00,El-Entag El-Harby,Ghazl El Mahallah,0,1,51%,49%,13,13,2,6,11,7,4,5,3,4,5,2,17,27,0,0,3,2,248,198,165,128,94,88,,,,,,,,,A
U3f4GwQ0,17.02.2021 13:30,Arab Contractors,Aswan SC,0,1,66%,34%,17,8,6,3,11,5,11,2,2,0,2,6,14,11,0,0,2,0,473,140,160,84,96,28,,,,,,,,,A
G0j0HJAf,16.02.2021 13:30,National Bank Egypt,Misr Lel Makkasa,0,1,42%,58%,4,13,1,4,3,9,3,5,1,2,3,1,13,13,1,0,1,1,319,507,112,144,59,69,,,,,,,,,A
EHZTO1IK,12.02.2021 16:00,El Gaish,Smouha,1,1,62%,38%,25,7,7,1,18,6,12,4,0,0,0,6,12,10,0,1,4,3,380,107,123,94,95,47,,,,,,,,,D
rDyqh3sq,11.02.2021 18:30,Al Ittihad,El Ismaily,1,0,37%,63%,7,6,1,1,6,5,1,7,2,0,1,0,17,15,1,0,6,2,128,311,104,123,48,74,,,,,,,,,H
KfzQPs3E,11.02.2021 16:00,Misr Lel Makkasa,El-Entag El-Harby,1,0,56%,44%,10,10,4,2,6,8,1,7,4,3,2,3,16,13,0,0,1,2,456,278,119,123,52,68,,,,,,,,,H
4nhw2vB7,11.02.2021 13:30,Ghazl El Mahallah,Ceramica Cleopatra,0,2,48%,52%,11,7,2,3,9,4,4,4,1,0,1,2,15,23,0,0,1,3,239,268,135,114,107,72,,,,,,,,,A
0E9fA23R,08.02.2021 16:00,Smouha,Enppi,1,1,53%,47%,10,10,4,3,6,7,4,3,5,1,2,3,,,0,0,2,2,398,337,124,102,64,45,,,,,,,278,247,D
6iAjBrlL,08.02.2021 13:30,Ceramica Cleopatra,Misr Lel Makkasa,1,1,56%,44%,10,4,3,2,7,2,6,3,2,1,1,2,,,0,0,1,3,462,352,132,82,64,32,,,,,,,355,261,D
z70M5MBr,07.02.2021 18:30,Zamalek,Al Ittihad,2,0,68%,32%,13,7,6,2,7,5,8,1,0,2,2,4,,,0,1,1,1,593,219,126,74,78,21,,,,,,,502,158,H
S0BnCOYE,07.02.2021 13:30,Wadi Degla,Ghazl El Mahallah,0,1,61%,39%,13,9,4,3,9,6,11,3,2,4,2,4,,,0,0,0,3,557,248,151,102,84,45,,,,,,,419,146,A
APGsD4J8,06.02.2021 18:30,Arab Contractors,Al Masry,0,1,55%,45%,11,11,2,5,9,6,7,6,1,1,4,2,,,0,0,3,2,472,346,117,100,77,42,,,,,,,371,270,A
WYHwEp42,06.02.2021 16:00,El-Entag El-Harby,Aswan SC,1,1,63%,37%,12,14,8,5,4,9,9,2,0,0,4,7,,,0,0,2,2,644,298,106,75,78,37,,,,,,,509,200,D
IVTek1R1,06.02.2021 16:00,Pyramids,El Gaish,1,0,55%,45%,10,6,2,1,8,5,6,3,1,5,1,1,,,0,1,2,6,429,321,117,117,67,51,,,,,,,307,214,H
4SPijsCe,06.02.2021 13:30,National Bank Egypt,El Gouna,1,1,47%,53%,9,5,2,2,7,3,4,7,4,1,1,1,,,0,0,0,1,456,522,131,113,54,52,,,,,,,341,405,D
nNTBge1j,03.02.2021 18:30,El Ismaily,Smouha,0,2,62%,38%,12,6,1,3,11,3,5,4,1,0,1,1,,,0,0,2,3,512,251,138,96,62,52,,,,,,,372,140,A
CUlHdqZR,03.02.2021 16:00,El Gaish,Arab Contractors,1,1,52%,48%,9,5,2,2,7,3,1,7,0,1,1,1,,,0,0,2,3,359,359,69,65,41,38,,,,,,,242,229,D
YwjDcPJL,03.02.2021 16:00,Enppi,Pyramids,3,2,40%,60%,8,14,6,4,2,10,6,5,3,2,2,3,,,0,0,2,2,288,487,91,116,57,78,,,,,,,186,337,H
GMR5c42O,03.02.2021 13:30,Misr Lel Makkasa,Al Ittihad,0,4,60%,40%,5,8,1,5,4,3,5,2,1,3,1,1,,,0,0,0,3,608,311,116,106,45,48,,,,,,,454,194,A
xCd4aok9,02.02.2021 18:30,Al Masry,National Bank Egypt,0,0,58%,42%,11,3,1,1,10,2,8,1,1,4,1,1,,,0,0,2,2,542,350,140,106,84,44,,,,,,,434,264,D
rkc00RZ2,02.02.2021 16:00,Ghazl El Mahallah,Zamalek,2,1,32%,68%,8,21,2,5,6,16,4,2,1,0,4,0,,,0,1,1,2,260,664,94,131,63,88,,,,,,,159,558,H
QDSFhFGd,02.02.2021 13:30,Aswan SC,Ceramica Cleopatra,1,1,34%,66%,8,14,4,2,4,12,4,5,2,3,1,3,,,0,0,4,1,233,600,109,150,54,103,,,,,,,152,481,D
4bbd17Kd,02.02.2021 13:30,El Gouna,El-Entag El-Harby,2,3,70%,30%,18,9,5,4,13,5,6,4,0,2,1,3,,,0,0,1,3,476,154,95,71,51,40,,,,,,,383,88,A
OlO3tgFJ,30.01.2021 18:30,El Ismaily,Pyramids,1,1,42%,58%,10,8,3,1,7,7,3,5,1,1,0,2,,,0,0,4,0,,,95,113,53,50,,,,,,,,,D
h0U7fynp,30.01.2021 16:00,Arab Contractors,Enppi,2,1,51%,49%,6,12,3,3,3,9,4,2,4,2,2,1,,,0,0,4,2,391,365,109,127,55,64,,,,,,,287,246,H
dtmuC3HH,29.01.2021 16:00,El-Entag El-Harby,Al Masry,0,3,49%,51%,6,4,4,3,2,1,4,7,0,0,0,4,,,1,0,2,1,,,103,121,48,70,,,,,,,,,A
zRbWDPn5,29.01.2021 13:30,Ceramica Cleopatra,El Gouna,2,1,49%,51%,10,5,2,4,8,1,6,2,2,3,3,0,,,0,0,3,4,402,415,108,72,68,29,,,,,,,288,322,H
EHczDq2B,29.01.2021 13:30,Wadi Degla,Aswan SC,0,0,62%,38%,13,8,3,3,10,5,6,2,2,0,3,3,,,0,0,1,1,559,301,103,95,52,59,,,,,,,456,211,D
QV9rUdf0,28.01.2021 18:30,Zamalek,Misr Lel Makkasa,4,1,55%,45%,17,7,7,2,10,5,5,3,0,1,1,3,,,0,0,1,0,593,458,96,115,67,65,,,,,,,497,365,H
S0eOFoIh,28.01.2021 13:30,National Bank Egypt,El Gaish,0,2,58%,42%,8,10,1,3,7,7,5,4,2,1,1,1,,,0,0,1,1,474,282,136,106,64,46,,,,,,,324,152,A
8fFwVxuf,26.01.2021 18:30,Pyramids,Al Ahly,0,0,49%,51%,6,6,2,2,4,4,4,5,2,0,2,2,,,0,0,1,2,384,413,115,120,50,49,,,,,,,291,302,D
MqpLH9xJ,26.01.2021 16:00,Arab Contractors,Smouha,1,2,57%,43%,16,10,3,3,13,7,5,3,2,2,1,2,,,0,0,1,3,473,307,118,114,63,48,,,,,,,336,208,A
px6JGR2n,24.01.2021 13:30,El Gouna,Wadi Degla,2,0,61%,39%,15,6,6,0,9,6,6,5,1,2,0,4,,,0,0,1,0,467,275,99,83,53,60,,,,,,,385,198,H
WY1FH7mt,24.01.2021 13:30,Enppi,National Bank Egypt,3,2,53%,47%,10,11,3,3,7,8,2,7,1,3,1,0,,,0,0,2,4,365,317,103,92,48,48,,,,,,,260,204,H
zBA8bpmI,23.01.2021 16:00,Aswan SC,Zamalek,0,0,32%,68%,6,31,4,6,2,25,2,6,1,1,6,4,,,0,0,2,1,232,690,89,143,39,117,,,,,,,138,547,D
dKB4aQXB,23.01.2021 13:30,Ghazl El Mahallah,El Ismaily,2,2,46%,54%,11,8,8,4,3,4,8,7,1,1,2,6,,,0,0,1,2,307,371,110,106,60,50,,,,,,,188,243,D
2cC006I5,22.01.2021 13:30,El Gaish,El-Entag El-Harby,3,0,45%,55%,12,12,6,3,6,9,2,12,1,3,3,3,,,0,0,,,350,473,98,132,54,105,,,,,,,229,322,H
lf8d1n3a,22.01.2021 13:30,Smouha,Pyramids,1,1,39%,61%,14,12,7,4,7,8,2,3,5,2,3,6,,,0,0,3,2,284,514,88,94,42,62,,,,,,,168,393,D
6VIi2Smg,21.01.2021 16:00,Al Ahly,Arab Contractors,3,2,61%,39%,17,7,6,3,11,4,4,4,0,3,2,3,,,0,0,5,2,551,308,141,89,79,36,,,,,,,439,202,H
rgoHIkNC,20.01.2021 13:30,Wadi Degla,Al Masry,1,3,51%,49%,5,12,2,7,3,5,7,5,4,4,4,1,,,0,0,3,1,452,417,115,119,55,68,,,,,,,342,337,A
lIWDJV76,19.01.2021 16:00,Zamalek,El Gouna,1,0,42%,58%,8,11,3,1,5,10,3,7,4,2,1,2,,,0,0,4,1,390,611,102,129,48,52,,,,,,,300,510,H
nNacGyU1,18.01.2021 16:00,El Ismaily,Arab Contractors,0,1,60%,40%,19,4,2,1,17,3,2,3,1,0,0,2,,,0,0,1,2,523,310,149,105,74,44,,,,,,,378,190,A
ARX9KBh0,18.01.2021 13:30,Ceramica Cleopatra,El Gaish,2,1,61%,39%,12,15,4,4,8,11,3,5,0,1,3,2,,,0,0,2,2,,,133,106,68,58,,,,,,,,,H
S2r5Liwf,18.01.2021 13:30,Ghazl El Mahallah,Misr Lel Makkasa,1,2,38%,62%,9,19,1,5,8,14,5,5,10,0,3,0,0,1,0,0,2,1,,,93,79,58,41,,,1,0,,,,,A
Eav1MXNm,17.01.2021 16:00,National Bank Egypt,Al Ahly,0,0,42%,58%,2,15,1,2,1,13,0,7,1,1,2,1,,,0,0,1,1,,,62,151,20,88,,,,,,,,,D
jFCRPl1b,17.01.2021 13:30,El-Entag El-Harby,Smouha,1,1,43%,57%,7,10,2,3,5,7,6,5,1,0,2,1,,,0,0,3,1,297,455,115,118,51,54,,,,,,,191,328,D
88I6QLi9,15.01.2021 13:30,El Gaish,Wadi Degla,1,0,57%,43%,12,3,5,1,7,2,8,4,0,2,1,4,,,0,0,1,4,,,60,56,40,25,,,,,,,,,H
06coJwpq,15.01.2021 13:30,Enppi,Ceramica Cleopatra,2,1,44%,56%,8,7,2,2,6,5,7,7,0,6,1,0,,,0,0,2,3,331,469,92,119,66,97,,,,,,,210,354,H
E91kIcak,15.01.2021 13:30,Pyramids,Arab Contractors,3,1,60%,40%,15,12,8,3,7,9,2,5,2,2,2,5,,,0,0,3,2,516,330,97,98,71,70,,,,,,,420,227,H
GYLEOaML,14.01.2021 16:00,El Gouna,Al Ittihad,2,0,53%,47%,10,3,3,0,7,3,2,2,3,4,0,1,,,0,0,3,3,406,353,108,114,54,65,,,,,,,301,240,H
QqT1R1x3,14.01.2021 13:30,Aswan SC,Ghazl El Mahallah,1,1,44%,56%,6,15,1,2,5,13,3,3,0,1,1,0,,,0,0,,,341,467,109,145,55,93,,,,,,,226,336,D
fPKINJyS,12.01.2021 18:30,Al Ahly,El-Entag El-Harby,4,1,55%,45%,19,20,9,5,10,15,6,5,0,0,4,5,,,0,0,0,1,510,385,73,57,63,64,,,,,,,394,286,H
8W0gHHEe,12.01.2021 16:00,Al Masry,Zamalek,0,1,53%,47%,9,11,2,3,7,8,5,2,1,2,2,2,,,0,0,1,1,545,438,132,107,85,60,,,,,,,442,332,A
O4C8H5is,12.01.2021 16:00,Arab Contractors,Ceramica Cleopatra,1,1,38%,62%,4,16,1,2,3,14,3,9,2,1,1,0,,,0,1,5,1,235,478,43,80,37,92,,,,,,,138,376,D
naHAPu7F,12.01.2021 13:30,Smouha,National Bank Egypt,2,2,55%,45%,14,3,4,3,10,0,4,0,0,3,1,2,,,0,0,1,5,445,321,109,101,71,41,,,,,,,336,224,D
hMLxNRTJ,11.01.2021 16:00,Pyramids,Wadi Degla,1,1,58%,42%,16,4,7,2,9,2,7,2,0,1,1,6,,,0,0,2,3,530,310,59,54,65,45,,,,,,,,,D
EeMG3bpd,09.01.2021 18:30,Zamalek,El Gaish,3,0,50%,50%,12,11,4,3,8,8,5,2,1,2,3,1,,,0,0,1,3,429,448,117,144,73,105,,,,,,,328,354,H
z5NC4vVk,09.01.2021 16:00,Ghazl El Mahallah,El Gouna,0,0,34%,66%,13,10,6,1,7,9,5,7,2,0,1,6,,,0,0,2,2,214,493,83,104,79,73,,,,,,,125,394,D
ITS75KFq,09.01.2021 13:30,Misr Lel Makkasa,Aswan SC,1,0,62%,38%,17,2,6,0,11,2,8,2,5,5,0,5,,,0,1,1,2,,,115,92,89,44,,,,,,,,,H
t45vNnoH,08.01.2021 18:30,Ceramica Cleopatra,Al Ahly,0,2,41%,59%,8,18,4,6,4,12,2,5,1,2,4,4,,,0,0,1,1,414,637,105,122,59,99,,,,,,,295,518,A
ns6zOSVA,08.01.2021 16:00,Wadi Degla,Enppi,1,2,59%,41%,8,6,2,2,6,4,7,1,4,1,0,1,,,0,0,1,2,633,357,171,100,107,60,,,,,,,533,271,A
Yw2WO8G4,08.01.2021 13:30,National Bank Egypt,Pyramids,0,0,39%,61%,8,19,0,3,8,16,3,6,1,1,3,0,,,0,0,4,1,269,515,117,159,69,122,,,,,,,164,394,D
CODNQUoh,07.01.2021 16:00,Al Ittihad,Al Masry,1,1,55%,45%,9,12,2,4,7,8,5,5,0,0,3,1,,,0,0,,,466,346,124,86,74,64,,,,,,,327,241,D
SbAbSsNd,03.01.2021 18:30,Misr Lel Makkasa,El Ismaily,3,1,52%,48%,14,9,6,3,8,6,6,2,4,2,2,3,,,0,0,2,1,471,426,105,119,49,58,,,,,,,352,313,H
4bEJRAWo,02.01.2021 18:30,Enppi,Zamalek,1,2,50%,50%,15,8,3,3,12,5,5,4,1,3,1,2,,,0,0,1,0,469,456,120,133,89,90,,,,,,,366,359,A
Q7FFSjHu,02.01.2021 16:00,El Gaish,Al Ittihad,1,2,45%,55%,14,9,3,3,11,6,6,3,4,2,1,2,,,0,0,3,3,309,381,96,92,69,60,,,,,,,203,276,A
bH1BNbKU,02.01.2021 13:30,Smouha,Ceramica Cleopatra,0,0,46%,54%,11,11,2,3,9,8,3,3,1,1,3,2,,,0,0,1,1,398,515,112,97,73,60,,,,,,,290,392,D
pEc7Ov5O,01.01.2021 18:30,Al Ahly,Wadi Degla,0,0,56%,44%,20,3,3,1,17,2,1,1,0,1,1,3,,,0,0,1,1,550,411,117,68,75,32,,,,,,,467,335,D
jib3PKkI,01.01.2021 16:00,Pyramids,El-Entag El-Harby,3,2,62%,38%,16,15,7,3,9,12,2,4,1,3,1,4,,,1,1,1,3,605,322,87,61,60,64,,,,,,,499,224,H
C0aaQ0zC,30.12.2020 18:30,Al Masry,Ghazl El Mahallah,1,0,61%,39%,12,9,5,4,7,5,2,3,2,1,4,4,,,1,0,3,1,530,312,157,120,86,88,,,,,,,415,198,H
fP4fRtL5,30.12.2020 16:00,Arab Contractors,National Bank Egypt,2,0,50%,50%,17,4,8,1,9,3,6,2,0,1,1,6,,,0,0,3,5,378,361,96,96,75,50,,,,,,,243,243,H
GY5jSM5a,30.12.2020 13:30,El Gouna,Misr Lel Makkasa,1,0,49%,51%,11,13,3,2,8,11,4,7,1,1,2,2,,,0,0,4,4,407,459,97,115,55,78,,,,,,,297,338,H
MB6nT2jg,29.12.2020 13:30,Aswan SC,El Ismaily,0,2,46%,54%,4,13,1,4,3,9,5,5,1,1,2,1,22,15,0,0,3,0,,,100,106,65,79,,,,,,,,,A
6PPtMoqQ,28.12.2020 18:30,Al Ahly,Al Ittihad,4,0,53%,47%,13,3,8,2,5,1,0,3,3,2,2,4,,,0,0,2,1,509,449,114,112,53,67,,,,,,,398,332,H
2eBCGP6m,28.12.2020 16:00,Smouha,Zamalek,0,2,50%,50%,10,12,4,5,6,7,6,0,1,1,3,4,,,0,0,1,1,482,477,82,84,97,48,,,,,,,349,381,A
SCDwVOLt,27.12.2020 18:30,Ceramica Cleopatra,Pyramids,0,1,51%,49%,8,9,5,3,3,6,6,2,1,0,2,5,,,0,0,,,509,465,168,137,121,78,,,,,,,386,363,A
xlYTALzP,26.12.2020 18:30,Misr Lel Makkasa,Al Masry,1,1,49%,51%,9,4,3,3,6,1,5,2,2,1,2,2,,,0,0,2,1,472,520,101,102,63,57,,,,,,,367,401,D
bcZPB1LI,26.12.2020 16:00,El-Entag El-Harby,Arab Contractors,1,0,53%,47%,13,8,4,3,9,5,3,6,0,3,3,3,,,0,0,0,1,437,405,73,78,59,82,,,,,,,338,272,H
GYqLCs6C,25.12.2020 18:30,El Ismaily,National Bank Egypt,0,0,54%,46%,22,2,4,1,18,1,7,3,1,0,1,4,,,0,0,2,4,404,348,127,107,76,40,,,,,,,272,225,D
2VuHDNj6,25.12.2020 16:00,Ghazl El Mahallah,El Gaish,2,1,47%,53%,10,16,6,7,4,9,5,8,0,0,6,4,,,0,0,5,1,338,420,95,119,65,80,,,,,,,220,289,H
88tDE3y0,25.12.2020 13:30,Aswan SC,El Gouna,0,1,,,5,10,2,2,3,8,4,7,4,0,1,2,20,23,1,0,4,3,,,84,93,56,65,,,23,24,12,20,,,A
UHs9FqMg,24.12.2020 18:30,Wadi Degla,Smouha,1,2,59%,41%,8,11,3,5,5,6,4,3,3,0,3,2,,,0,0,2,3,487,308,64,74,51,55,,,,,,,386,230,A
jHsfbriJ,22.12.2020 18:30,El Gaish,Misr Lel Makkasa,1,2,40%,60%,13,14,6,4,7,10,6,5,2,3,2,5,,,0,0,3,1,312,488,86,88,63,70,,,,,,,169,362,A
CQrjaOyD,22.12.2020 16:00,Enppi,Ghazl El Mahallah,1,1,55%,45%,12,5,2,3,10,2,11,0,4,1,2,1,,,0,0,2,1,430,322,98,81,87,43,,,,,,,303,211,D
rivn04M6,21.12.2020 18:30,Al Masry,Aswan SC,3,0,60%,40%,19,10,6,1,13,9,2,2,4,2,1,3,,,0,0,3,2,547,315,58,49,61,44,,,,,,,441,211,H
40ur1p70,21.12.2020 16:00,El Gouna,El Ismaily,2,1,57%,43%,5,8,4,3,1,5,3,2,2,1,2,2,,,0,0,2,3,516,280,87,64,63,57,,,,,,,398,164,H
Myjw2Qif,21.12.2020 13:30,National Bank Egypt,El-Entag El-Harby,3,0,44%,56%,12,15,7,1,5,14,3,3,4,0,1,4,,,0,0,3,1,300,450,93,112,44,56,,,,,,,173,317,H
A1nZ26xl,18.12.2020 18:30,Al Ahly,Ghazl El Mahallah,3,0,69%,31%,16,7,7,2,9,5,10,4,1,0,2,4,,,0,0,0,1,692,251,122,92,82,47,,,,,,,572,169,H
GvmV3nNs,18.12.2020 16:00,Al Ittihad,Smouha,1,1,56%,44%,5,11,3,1,2,10,3,4,1,0,0,2,,,0,0,0,2,516,360,144,133,89,80,,,,,,,370,225,D
EV038SEQ,18.12.2020 13:30,Misr Lel Makkasa,Enppi,0,1,69%,31%,9,4,2,1,7,3,7,6,1,9,0,2,,,0,0,0,1,721,255,149,89,72,52,,,,,,,593,146,A
df6b98aK,17.12.2020 18:30,Pyramids,Zamalek,1,1,48%,52%,11,14,6,2,5,12,2,7,2,1,1,5,,,0,0,2,0,470,530,72,65,59,58,,,,,,,367,444,D
I37fAlpE,17.12.2020 16:00,El Ismaily,El-Entag El-Harby,3,3,49%,51%,13,17,7,7,6,10,5,7,3,2,4,4,,,0,0,3,1,365,417,66,57,60,67,,,,,,,258,297,D
40JCo57D,17.12.2020 13:30,El Gouna,Al Masry,1,1,54%,46%,12,2,3,1,9,1,5,3,1,2,0,2,,,0,0,0,2,417,338,138,111,70,57,,,,,,,314,238,D
jcF8noh7,16.12.2020 18:30,Wadi Degla,Arab Contractors,2,1,51%,49%,13,17,6,6,7,11,5,2,0,1,5,4,10,23,0,0,1,1,398,379,89,107,49,59,,,24,10,19,31,308,291,H
8YP3mRx1,16.12.2020 16:00,Ceramica Cleopatra,National Bank Egypt,3,1,47%,53%,8,10,6,4,2,6,3,3,2,10,3,3,,,1,0,3,3,388,449,104,123,44,58,,,,,,,296,351,H
UsRal7Nf,16.12.2020 13:30,Aswan SC,El Gaish,2,1,42%,58%,8,17,5,3,3,14,3,7,1,2,2,3,,,0,0,0,1,322,478,87,118,48,82,,,,,,,197,362,H
b9uSMCDl,14.12.2020 18:30,Smouha,Ghazl El Mahallah,1,1,54%,46%,17,10,5,2,12,8,8,5,2,0,1,4,,,0,0,2,2,370,269,63,45,66,46,,,,,,,259,170,D
WbemUfLE,13.12.2020 18:30,Al Ahly,Misr Lel Makkasa,3,1,54%,46%,14,4,7,1,7,3,5,4,9,0,0,4,,,0,0,0,1,478,401,96,94,60,67,,,,,,,372,309,H
SQldSYkR,13.12.2020 16:00,Al Masry,El Ismaily,0,0,60%,40%,10,12,0,3,10,9,6,1,2,0,3,0,,,0,0,1,1,560,308,131,85,82,44,,,,,,,439,222,D
lzjhTEzL,12.12.2020 18:30,Arab Contractors,Zamalek,0,2,41%,59%,5,9,0,6,5,3,7,6,1,0,4,0,,,0,0,1,1,333,513,95,122,60,75,,,,,,,228,396,A
6uSrJUCD,12.12.2020 16:00,Pyramids,Al Ittihad,1,2,61%,39%,12,6,6,3,6,3,5,4,2,6,1,5,,,0,0,2,2,445,250,118,87,60,55,,,,,,,341,162,A
KOTzLjr1,12.12.2020 13:30,National Bank Egypt,Wadi Degla,1,1,51%,49%,16,4,2,1,14,3,4,2,3,2,0,2,,,0,0,0,2,407,406,70,57,67,43,,,,,,,300,295,D
SlTvKAc7,11.12.2020 18:30,El-Entag El-Harby,Ceramica Cleopatra,0,2,50%,50%,17,12,4,4,13,8,3,2,3,0,2,4,,,0,0,,,437,445,108,120,67,70,,,,,,,331,344,A
tYUWLWSf,11.12.2020 16:00,El Gaish,El Gouna,1,1,51%,49%,11,8,3,2,8,6,5,3,1,3,1,2,,,0,0,3,1,449,417,137,127,91,63,,,,,,,312,299,D
p6yONhbr,11.12.2020 13:30,Enppi,Aswan SC,0,1,55%,45%,6,5,0,1,6,4,2,3,2,3,0,0,3,4,0,0,1,2,429,327,114,112,76,49,,,4,3,8,3,336,225,A
